--
-- PostgreSQL database dump
--

-- Dumped from database version 16.2 (Debian 16.2-1.pgdg120+2)
-- Dumped by pg_dump version 16.2 (Debian 16.2-1.pgdg120+2)

SET statement_timeout = 0;
SET lock_timeout = 0;
SET idle_in_transaction_session_timeout = 0;
SET client_encoding = 'UTF8';
SET standard_conforming_strings = on;
SELECT pg_catalog.set_config('search_path', '', false);
SET check_function_bodies = false;
SET xmloption = content;
SET client_min_messages = warning;
SET row_security = off;

SET default_tablespace = '';

SET default_table_access_method = heap;

--
-- Name: auth_group; Type: TABLE; Schema: public; Owner: iac_xbs
--

CREATE TABLE public.auth_group (
    id integer NOT NULL,
    name character varying(150) NOT NULL
);


ALTER TABLE public.auth_group OWNER TO iac_xbs;

--
-- Name: auth_group_id_seq; Type: SEQUENCE; Schema: public; Owner: iac_xbs
--

ALTER TABLE public.auth_group ALTER COLUMN id ADD GENERATED BY DEFAULT AS IDENTITY (
    SEQUENCE NAME public.auth_group_id_seq
    START WITH 1
    INCREMENT BY 1
    NO MINVALUE
    NO MAXVALUE
    CACHE 1
);


--
-- Name: auth_group_permissions; Type: TABLE; Schema: public; Owner: iac_xbs
--

CREATE TABLE public.auth_group_permissions (
    id bigint NOT NULL,
    group_id integer NOT NULL,
    permission_id integer NOT NULL
);


ALTER TABLE public.auth_group_permissions OWNER TO iac_xbs;

--
-- Name: auth_group_permissions_id_seq; Type: SEQUENCE; Schema: public; Owner: iac_xbs
--

ALTER TABLE public.auth_group_permissions ALTER COLUMN id ADD GENERATED BY DEFAULT AS IDENTITY (
    SEQUENCE NAME public.auth_group_permissions_id_seq
    START WITH 1
    INCREMENT BY 1
    NO MINVALUE
    NO MAXVALUE
    CACHE 1
);


--
-- Name: auth_permission; Type: TABLE; Schema: public; Owner: iac_xbs
--

CREATE TABLE public.auth_permission (
    id integer NOT NULL,
    name character varying(255) NOT NULL,
    content_type_id integer NOT NULL,
    codename character varying(100) NOT NULL
);


ALTER TABLE public.auth_permission OWNER TO iac_xbs;

--
-- Name: auth_permission_id_seq; Type: SEQUENCE; Schema: public; Owner: iac_xbs
--

ALTER TABLE public.auth_permission ALTER COLUMN id ADD GENERATED BY DEFAULT AS IDENTITY (
    SEQUENCE NAME public.auth_permission_id_seq
    START WITH 1
    INCREMENT BY 1
    NO MINVALUE
    NO MAXVALUE
    CACHE 1
);


--
-- Name: auth_user; Type: TABLE; Schema: public; Owner: iac_xbs
--

CREATE TABLE public.auth_user (
    id integer NOT NULL,
    password character varying(128) NOT NULL,
    last_login timestamp with time zone,
    is_superuser boolean NOT NULL,
    username character varying(150) NOT NULL,
    first_name character varying(150) NOT NULL,
    last_name character varying(150) NOT NULL,
    email character varying(254) NOT NULL,
    is_staff boolean NOT NULL,
    is_active boolean NOT NULL,
    date_joined timestamp with time zone NOT NULL
);


ALTER TABLE public.auth_user OWNER TO iac_xbs;

--
-- Name: auth_user_groups; Type: TABLE; Schema: public; Owner: iac_xbs
--

CREATE TABLE public.auth_user_groups (
    id bigint NOT NULL,
    user_id integer NOT NULL,
    group_id integer NOT NULL
);


ALTER TABLE public.auth_user_groups OWNER TO iac_xbs;

--
-- Name: auth_user_groups_id_seq; Type: SEQUENCE; Schema: public; Owner: iac_xbs
--

ALTER TABLE public.auth_user_groups ALTER COLUMN id ADD GENERATED BY DEFAULT AS IDENTITY (
    SEQUENCE NAME public.auth_user_groups_id_seq
    START WITH 1
    INCREMENT BY 1
    NO MINVALUE
    NO MAXVALUE
    CACHE 1
);


--
-- Name: auth_user_id_seq; Type: SEQUENCE; Schema: public; Owner: iac_xbs
--

ALTER TABLE public.auth_user ALTER COLUMN id ADD GENERATED BY DEFAULT AS IDENTITY (
    SEQUENCE NAME public.auth_user_id_seq
    START WITH 1
    INCREMENT BY 1
    NO MINVALUE
    NO MAXVALUE
    CACHE 1
);


--
-- Name: auth_user_user_permissions; Type: TABLE; Schema: public; Owner: iac_xbs
--

CREATE TABLE public.auth_user_user_permissions (
    id bigint NOT NULL,
    user_id integer NOT NULL,
    permission_id integer NOT NULL
);


ALTER TABLE public.auth_user_user_permissions OWNER TO iac_xbs;

--
-- Name: auth_user_user_permissions_id_seq; Type: SEQUENCE; Schema: public; Owner: iac_xbs
--

ALTER TABLE public.auth_user_user_permissions ALTER COLUMN id ADD GENERATED BY DEFAULT AS IDENTITY (
    SEQUENCE NAME public.auth_user_user_permissions_id_seq
    START WITH 1
    INCREMENT BY 1
    NO MINVALUE
    NO MAXVALUE
    CACHE 1
);


--
-- Name: data_ingestion_object; Type: TABLE; Schema: public; Owner: iac_xbs
--

CREATE TABLE public.data_ingestion_object (
    object_id integer NOT NULL,
    name character varying(30) NOT NULL,
    pretty_name character varying(30) NOT NULL,
    ra double precision NOT NULL,
    "dec" double precision NOT NULL
);


ALTER TABLE public.data_ingestion_object OWNER TO iac_xbs;

--
-- Name: data_ingestion_object_object_id_seq; Type: SEQUENCE; Schema: public; Owner: iac_xbs
--

ALTER TABLE public.data_ingestion_object ALTER COLUMN object_id ADD GENERATED BY DEFAULT AS IDENTITY (
    SEQUENCE NAME public.data_ingestion_object_object_id_seq
    START WITH 1
    INCREMENT BY 1
    NO MINVALUE
    NO MAXVALUE
    CACHE 1
);


--
-- Name: data_ingestion_spect; Type: TABLE; Schema: public; Owner: iac_xbs
--

CREATE TABLE public.data_ingestion_spect (
    spect_id integer NOT NULL,
    exptime double precision NOT NULL,
    min_wavelenght double precision NOT NULL,
    max_wavelenght double precision NOT NULL,
    header text NOT NULL,
    jd double precision NOT NULL,
    hjd double precision NOT NULL,
    file character varying(100) NOT NULL,
    slot integer NOT NULL,
    sn double precision,
    instrument character varying(30),
    outburts boolean,
    ob integer,
    state character varying(12) NOT NULL,
    flux_calibrated boolean,
    spect_resolution double precision,
    object_id integer NOT NULL
);


ALTER TABLE public.data_ingestion_spect OWNER TO iac_xbs;

--
-- Name: data_ingestion_spect_spect_id_seq; Type: SEQUENCE; Schema: public; Owner: iac_xbs
--

ALTER TABLE public.data_ingestion_spect ALTER COLUMN spect_id ADD GENERATED BY DEFAULT AS IDENTITY (
    SEQUENCE NAME public.data_ingestion_spect_spect_id_seq
    START WITH 1
    INCREMENT BY 1
    NO MINVALUE
    NO MAXVALUE
    CACHE 1
);


--
-- Name: django_admin_log; Type: TABLE; Schema: public; Owner: iac_xbs
--

CREATE TABLE public.django_admin_log (
    id integer NOT NULL,
    action_time timestamp with time zone NOT NULL,
    object_id text,
    object_repr character varying(200) NOT NULL,
    action_flag smallint NOT NULL,
    change_message text NOT NULL,
    content_type_id integer,
    user_id integer NOT NULL,
    CONSTRAINT django_admin_log_action_flag_check CHECK ((action_flag >= 0))
);


ALTER TABLE public.django_admin_log OWNER TO iac_xbs;

--
-- Name: django_admin_log_id_seq; Type: SEQUENCE; Schema: public; Owner: iac_xbs
--

ALTER TABLE public.django_admin_log ALTER COLUMN id ADD GENERATED BY DEFAULT AS IDENTITY (
    SEQUENCE NAME public.django_admin_log_id_seq
    START WITH 1
    INCREMENT BY 1
    NO MINVALUE
    NO MAXVALUE
    CACHE 1
);


--
-- Name: django_content_type; Type: TABLE; Schema: public; Owner: iac_xbs
--

CREATE TABLE public.django_content_type (
    id integer NOT NULL,
    app_label character varying(100) NOT NULL,
    model character varying(100) NOT NULL
);


ALTER TABLE public.django_content_type OWNER TO iac_xbs;

--
-- Name: django_content_type_id_seq; Type: SEQUENCE; Schema: public; Owner: iac_xbs
--

ALTER TABLE public.django_content_type ALTER COLUMN id ADD GENERATED BY DEFAULT AS IDENTITY (
    SEQUENCE NAME public.django_content_type_id_seq
    START WITH 1
    INCREMENT BY 1
    NO MINVALUE
    NO MAXVALUE
    CACHE 1
);


--
-- Name: django_migrations; Type: TABLE; Schema: public; Owner: iac_xbs
--

CREATE TABLE public.django_migrations (
    id bigint NOT NULL,
    app character varying(255) NOT NULL,
    name character varying(255) NOT NULL,
    applied timestamp with time zone NOT NULL
);


ALTER TABLE public.django_migrations OWNER TO iac_xbs;

--
-- Name: django_migrations_id_seq; Type: SEQUENCE; Schema: public; Owner: iac_xbs
--

ALTER TABLE public.django_migrations ALTER COLUMN id ADD GENERATED BY DEFAULT AS IDENTITY (
    SEQUENCE NAME public.django_migrations_id_seq
    START WITH 1
    INCREMENT BY 1
    NO MINVALUE
    NO MAXVALUE
    CACHE 1
);


--
-- Name: django_session; Type: TABLE; Schema: public; Owner: iac_xbs
--

CREATE TABLE public.django_session (
    session_key character varying(40) NOT NULL,
    session_data text NOT NULL,
    expire_date timestamp with time zone NOT NULL
);


ALTER TABLE public.django_session OWNER TO iac_xbs;

--
-- Data for Name: auth_group; Type: TABLE DATA; Schema: public; Owner: iac_xbs
--

COPY public.auth_group (id, name) FROM stdin;
\.


--
-- Data for Name: auth_group_permissions; Type: TABLE DATA; Schema: public; Owner: iac_xbs
--

COPY public.auth_group_permissions (id, group_id, permission_id) FROM stdin;
\.


--
-- Data for Name: auth_permission; Type: TABLE DATA; Schema: public; Owner: iac_xbs
--

COPY public.auth_permission (id, name, content_type_id, codename) FROM stdin;
1	Can add log entry	1	add_logentry
2	Can change log entry	1	change_logentry
3	Can delete log entry	1	delete_logentry
4	Can view log entry	1	view_logentry
5	Can add permission	2	add_permission
6	Can change permission	2	change_permission
7	Can delete permission	2	delete_permission
8	Can view permission	2	view_permission
9	Can add group	3	add_group
10	Can change group	3	change_group
11	Can delete group	3	delete_group
12	Can view group	3	view_group
13	Can add user	4	add_user
14	Can change user	4	change_user
15	Can delete user	4	delete_user
16	Can view user	4	view_user
17	Can add content type	5	add_contenttype
18	Can change content type	5	change_contenttype
19	Can delete content type	5	delete_contenttype
20	Can view content type	5	view_contenttype
21	Can add session	6	add_session
22	Can change session	6	change_session
23	Can delete session	6	delete_session
24	Can view session	6	view_session
25	Can add object	7	add_object
26	Can change object	7	change_object
27	Can delete object	7	delete_object
28	Can view object	7	view_object
29	Can add spect	8	add_spect
30	Can change spect	8	change_spect
31	Can delete spect	8	delete_spect
32	Can view spect	8	view_spect
\.


--
-- Data for Name: auth_user; Type: TABLE DATA; Schema: public; Owner: iac_xbs
--

COPY public.auth_user (id, password, last_login, is_superuser, username, first_name, last_name, email, is_staff, is_active, date_joined) FROM stdin;
\.


--
-- Data for Name: auth_user_groups; Type: TABLE DATA; Schema: public; Owner: iac_xbs
--

COPY public.auth_user_groups (id, user_id, group_id) FROM stdin;
\.


--
-- Data for Name: auth_user_user_permissions; Type: TABLE DATA; Schema: public; Owner: iac_xbs
--

COPY public.auth_user_user_permissions (id, user_id, permission_id) FROM stdin;
\.


--
-- Data for Name: data_ingestion_object; Type: TABLE DATA; Schema: public; Owner: iac_xbs
--

COPY public.data_ingestion_object (object_id, name, pretty_name, ra, "dec") FROM stdin;
1	MAXIJ1820+070	MAXIJ1820+070	18.339425000000002	7.185305555555556
\.


--
-- Data for Name: data_ingestion_spect; Type: TABLE DATA; Schema: public; Owner: iac_xbs
--

COPY public.data_ingestion_spect (spect_id, exptime, min_wavelenght, max_wavelenght, header, jd, hjd, file, slot, sn, instrument, outburts, ob, state, flux_calibrated, spect_resolution, object_id) FROM stdin;
1	200	4588.95026792562	4989.317086328562	long header	2458194.730028041	2458194.729208767	1_OSIRIS_phase_clip_move_R2500V.mol	1	\N	\N	\N	\N	soft	\N	\N	1
2	200	4588.95026792562	4989.317086328562	long header	2458195.7504148837	2458195.7496820544	1_OSIRIS_phase_clip_move_R2500V.mol	2	\N	\N	\N	\N	soft	\N	\N	1
3	200	4588.95026792562	4989.317086328562	long header	2458195.753007476	2458195.7522748667	1_OSIRIS_phase_clip_move_R2500V.mol	3	\N	\N	\N	\N	soft	\N	\N	1
4	200	4588.95026792562	4989.317086328562	long header	2458197.742136774	2458197.7415733137	1_OSIRIS_phase_clip_move_R2500V.mol	4	\N	\N	\N	\N	soft	\N	\N	1
5	200	4588.95026792562	4989.317086328562	long header	2458197.745065014	2458197.744501803	1_OSIRIS_phase_clip_move_R2500V.mol	5	\N	\N	\N	\N	soft	\N	\N	1
6	200	4588.95026792562	4989.317086328562	long header	2458198.751595253	2458198.751117902	1_OSIRIS_phase_clip_move_R2500V.mol	6	\N	\N	\N	\N	soft	\N	\N	1
7	200	4588.95026792562	4989.317086328562	long header	2458198.7541878456	2458198.7537107156	1_OSIRIS_phase_clip_move_R2500V.mol	7	\N	\N	\N	\N	soft	\N	\N	1
8	180	4588.95026792562	4989.317086328562	long header	2458199.7261098255	2458199.725715741	1_OSIRIS_phase_clip_move_R2500V.mol	8	\N	\N	\N	\N	soft	\N	\N	1
9	180	4588.95026792562	4989.317086328562	long header	2458199.7300913073	2458199.729697563	1_OSIRIS_phase_clip_move_R2500V.mol	9	\N	\N	\N	\N	soft	\N	\N	1
10	90	4588.95026792562	4989.317086328562	long header	2458201.7292895424	2458201.729066944	1_OSIRIS_phase_clip_move_R2500V.mol	10	\N	\N	\N	\N	soft	\N	\N	1
11	90	4588.95026792562	4989.317086328562	long header	2458201.7305974127	2458201.7303749267	1_OSIRIS_phase_clip_move_R2500V.mol	11	\N	\N	\N	\N	soft	\N	\N	1
12	90	4588.95026792562	4989.317086328562	long header	2458201.7319168574	2458201.731694484	1_OSIRIS_phase_clip_move_R2500V.mol	12	\N	\N	\N	\N	soft	\N	\N	1
13	180	4588.95026792562	4989.317086328562	long header	2458203.6502677323	2458203.650209836	1_OSIRIS_phase_clip_move_R2500V.mol	13	\N	\N	\N	\N	soft	\N	\N	1
14	180	4588.95026792562	4989.317086328562	long header	2458203.652617269	2458203.6525595747	1_OSIRIS_phase_clip_move_R2500V.mol	14	\N	\N	\N	\N	soft	\N	\N	1
15	180	4588.95026792562	4989.317086328562	long header	2458203.6596195837	2458203.65956249	1_OSIRIS_phase_clip_move_R2500V.mol	15	\N	\N	\N	\N	soft	\N	\N	1
16	180	4588.95026792562	4989.317086328562	long header	2458203.662003843	2458203.6619469537	1_OSIRIS_phase_clip_move_R2500V.mol	16	\N	\N	\N	\N	soft	\N	\N	1
17	180	4588.95026792562	4989.317086328562	long header	2458203.7431149543	2458203.743065022	1_OSIRIS_phase_clip_move_R2500V.mol	17	\N	\N	\N	\N	soft	\N	\N	1
18	180	4588.95026792562	4989.317086328562	long header	2458203.745476065	2458203.7454263354	1_OSIRIS_phase_clip_move_R2500V.mol	18	\N	\N	\N	\N	soft	\N	\N	1
19	180	4588.95026792562	4989.317086328562	long header	2458307.5907350588	2458307.595719752	1_OSIRIS_phase_clip_move_R2500V.mol	19	\N	\N	\N	\N	soft	\N	\N	1
20	180	4588.95026792562	4989.317086328562	long header	2458307.5930961696	2458307.598080829	1_OSIRIS_phase_clip_move_R2500V.mol	20	\N	\N	\N	\N	soft	\N	\N	1
21	180	4588.95026792562	4989.317086328562	long header	2458310.401651663	2458310.406590398	1_OSIRIS_phase_clip_move_R2500V.mol	21	\N	\N	\N	\N	soft	\N	\N	1
22	180	4588.95026792562	4989.317086328562	long header	2458310.4040127737	2458310.4089514655	1_OSIRIS_phase_clip_move_R2500V.mol	22	\N	\N	\N	\N	soft	\N	\N	1
23	180	4588.95026792562	4989.317086328562	long header	2458311.3965394823	2458311.4014593125	1_OSIRIS_phase_clip_move_R2500V.mol	23	\N	\N	\N	\N	soft	\N	\N	1
24	180	4588.95026792562	4989.317086328562	long header	2458311.398912167	2458311.403831951	1_OSIRIS_phase_clip_move_R2500V.mol	24	\N	\N	\N	\N	soft	\N	\N	1
25	180	4588.95026792562	4989.317086328562	long header	2458314.5647238367	2458314.569574354	1_OSIRIS_phase_clip_move_R2500V.mol	25	\N	\N	\N	\N	soft	\N	\N	1
26	180	4588.95026792562	4989.317086328562	long header	2458314.567096522	2458314.5719469828	1_OSIRIS_phase_clip_move_R2500V.mol	26	\N	\N	\N	\N	soft	\N	\N	1
27	180	4588.95026792562	4989.317086328562	long header	2458317.574724037	2458317.579495995	1_OSIRIS_phase_clip_move_R2500V.mol	27	\N	\N	\N	\N	soft	\N	\N	1
28	180	4588.95026792562	4989.317086328562	long header	2458317.577073574	2458317.5818454656	1_OSIRIS_phase_clip_move_R2500V.mol	28	\N	\N	\N	\N	soft	\N	\N	1
29	180	4588.95026792562	4989.317086328562	long header	2458318.4078394515	2458318.412587503	1_OSIRIS_phase_clip_move_R2500V.mol	29	\N	\N	\N	\N	soft	\N	\N	1
30	180	4588.95026792562	4989.317086328562	long header	2458318.4102005623	2458318.414948545	1_OSIRIS_phase_clip_move_R2500V.mol	30	\N	\N	\N	\N	soft	\N	\N	1
31	180	4588.95026792562	4989.317086328562	long header	2458324.4545747894	2458324.459121796	1_OSIRIS_phase_clip_move_R2500V.mol	31	\N	\N	\N	\N	soft	\N	\N	1
32	180	4588.95026792562	4989.317086328562	long header	2458324.4569243263	2458324.4614712456	1_OSIRIS_phase_clip_move_R2500V.mol	32	\N	\N	\N	\N	soft	\N	\N	1
33	180	4588.95026792562	4989.317086328562	long header	2458327.399053503	2458327.403485488	1_OSIRIS_phase_clip_move_R2500V.mol	33	\N	\N	\N	\N	soft	\N	\N	1
34	180	4588.95026792562	4989.317086328562	long header	2458327.401414614	2458327.405846503	1_OSIRIS_phase_clip_move_R2500V.mol	34	\N	\N	\N	\N	soft	\N	\N	1
35	180	4588.95026792562	4989.317086328562	long header	2458334.4760731477	2458334.480184855	1_OSIRIS_phase_clip_move_R2500V.mol	35	\N	\N	\N	\N	soft	\N	\N	1
36	180	4588.95026792562	4989.317086328562	long header	2458334.4784226846	2458334.4825342754	1_OSIRIS_phase_clip_move_R2500V.mol	36	\N	\N	\N	\N	soft	\N	\N	1
37	180	4588.95026792562	4989.317086328562	long header	2458340.433016189	2458340.4368129387	1_OSIRIS_phase_clip_move_R2500V.mol	37	\N	\N	\N	\N	soft	\N	\N	1
38	180	4588.95026792562	4989.317086328562	long header	2458340.435365726	2458340.4391623433	1_OSIRIS_phase_clip_move_R2500V.mol	38	\N	\N	\N	\N	soft	\N	\N	1
39	180	4588.95026792562	4989.317086328562	long header	2458346.4077278813	2458346.411170331	1_OSIRIS_phase_clip_move_R2500V.mol	39	\N	\N	\N	\N	soft	\N	\N	1
40	180	4588.95026792562	4989.317086328562	long header	2458346.410077418	2458346.413519721	1_OSIRIS_phase_clip_move_R2500V.mol	40	\N	\N	\N	\N	soft	\N	\N	1
41	180	4588.95026792562	4989.317086328562	long header	2458350.417281877	2458350.4204667164	1_OSIRIS_phase_clip_move_R2500V.mol	41	\N	\N	\N	\N	soft	\N	\N	1
42	180	4588.95026792562	4989.317086328562	long header	2458350.419642988	2458350.4228276713	1_OSIRIS_phase_clip_move_R2500V.mol	42	\N	\N	\N	\N	soft	\N	\N	1
43	400	4588.95026792562	4989.317086328562	long header	2458404.4047591262	2458404.4036081256	1_OSIRIS_phase_clip_move_R2500V.mol	43	\N	\N	\N	\N	soft	\N	\N	1
44	400	4588.95026792562	4989.317086328562	long header	2458413.3936177497	2458413.3917367226	1_OSIRIS_phase_clip_move_R2500V.mol	44	\N	\N	\N	\N	soft	\N	\N	1
45	400	4588.95026792562	4989.317086328562	long header	2458427.3282433776	2458427.3253268786	1_OSIRIS_phase_clip_move_R2500V.mol	45	\N	\N	\N	\N	soft	\N	\N	1
\.


--
-- Data for Name: django_admin_log; Type: TABLE DATA; Schema: public; Owner: iac_xbs
--

COPY public.django_admin_log (id, action_time, object_id, object_repr, action_flag, change_message, content_type_id, user_id) FROM stdin;
\.


--
-- Data for Name: django_content_type; Type: TABLE DATA; Schema: public; Owner: iac_xbs
--

COPY public.django_content_type (id, app_label, model) FROM stdin;
1	admin	logentry
2	auth	permission
3	auth	group
4	auth	user
5	contenttypes	contenttype
6	sessions	session
7	data_ingestion	object
8	data_ingestion	spect
\.


--
-- Data for Name: django_migrations; Type: TABLE DATA; Schema: public; Owner: iac_xbs
--

COPY public.django_migrations (id, app, name, applied) FROM stdin;
1	contenttypes	0001_initial	2024-04-17 08:26:22.861702+00
2	auth	0001_initial	2024-04-17 08:26:22.922436+00
3	admin	0001_initial	2024-04-17 08:26:22.938913+00
4	admin	0002_logentry_remove_auto_add	2024-04-17 08:26:22.942306+00
5	admin	0003_logentry_add_action_flag_choices	2024-04-17 08:26:22.946222+00
6	contenttypes	0002_remove_content_type_name	2024-04-17 08:26:22.951241+00
7	auth	0002_alter_permission_name_max_length	2024-04-17 08:26:22.954076+00
8	auth	0003_alter_user_email_max_length	2024-04-17 08:26:22.95684+00
9	auth	0004_alter_user_username_opts	2024-04-17 08:26:22.959902+00
10	auth	0005_alter_user_last_login_null	2024-04-17 08:26:22.963397+00
11	auth	0006_require_contenttypes_0002	2024-04-17 08:26:22.964216+00
12	auth	0007_alter_validators_add_error_messages	2024-04-17 08:26:22.967086+00
13	auth	0008_alter_user_username_max_length	2024-04-17 08:26:22.972278+00
14	auth	0009_alter_user_last_name_max_length	2024-04-17 08:26:22.97513+00
15	auth	0010_alter_group_name_max_length	2024-04-17 08:26:22.979213+00
16	auth	0011_update_proxy_permissions	2024-04-17 08:26:22.982476+00
17	auth	0012_alter_user_first_name_max_length	2024-04-17 08:26:22.985242+00
18	data_ingestion	0001_initial	2024-04-17 08:26:22.994742+00
19	sessions	0001_initial	2024-04-17 08:26:23.006529+00
\.


--
-- Data for Name: django_session; Type: TABLE DATA; Schema: public; Owner: iac_xbs
--

COPY public.django_session (session_key, session_data, expire_date) FROM stdin;
\.


--
-- Name: auth_group_id_seq; Type: SEQUENCE SET; Schema: public; Owner: iac_xbs
--

SELECT pg_catalog.setval('public.auth_group_id_seq', 1, false);


--
-- Name: auth_group_permissions_id_seq; Type: SEQUENCE SET; Schema: public; Owner: iac_xbs
--

SELECT pg_catalog.setval('public.auth_group_permissions_id_seq', 1, false);


--
-- Name: auth_permission_id_seq; Type: SEQUENCE SET; Schema: public; Owner: iac_xbs
--

SELECT pg_catalog.setval('public.auth_permission_id_seq', 32, true);


--
-- Name: auth_user_groups_id_seq; Type: SEQUENCE SET; Schema: public; Owner: iac_xbs
--

SELECT pg_catalog.setval('public.auth_user_groups_id_seq', 1, false);


--
-- Name: auth_user_id_seq; Type: SEQUENCE SET; Schema: public; Owner: iac_xbs
--

SELECT pg_catalog.setval('public.auth_user_id_seq', 1, false);


--
-- Name: auth_user_user_permissions_id_seq; Type: SEQUENCE SET; Schema: public; Owner: iac_xbs
--

SELECT pg_catalog.setval('public.auth_user_user_permissions_id_seq', 1, false);


--
-- Name: data_ingestion_object_object_id_seq; Type: SEQUENCE SET; Schema: public; Owner: iac_xbs
--

SELECT pg_catalog.setval('public.data_ingestion_object_object_id_seq', 1, true);


--
-- Name: data_ingestion_spect_spect_id_seq; Type: SEQUENCE SET; Schema: public; Owner: iac_xbs
--

SELECT pg_catalog.setval('public.data_ingestion_spect_spect_id_seq', 45, true);


--
-- Name: django_admin_log_id_seq; Type: SEQUENCE SET; Schema: public; Owner: iac_xbs
--

SELECT pg_catalog.setval('public.django_admin_log_id_seq', 1, false);


--
-- Name: django_content_type_id_seq; Type: SEQUENCE SET; Schema: public; Owner: iac_xbs
--

SELECT pg_catalog.setval('public.django_content_type_id_seq', 8, true);


--
-- Name: django_migrations_id_seq; Type: SEQUENCE SET; Schema: public; Owner: iac_xbs
--

SELECT pg_catalog.setval('public.django_migrations_id_seq', 19, true);


--
-- Name: auth_group auth_group_name_key; Type: CONSTRAINT; Schema: public; Owner: iac_xbs
--

ALTER TABLE ONLY public.auth_group
    ADD CONSTRAINT auth_group_name_key UNIQUE (name);


--
-- Name: auth_group_permissions auth_group_permissions_group_id_permission_id_0cd325b0_uniq; Type: CONSTRAINT; Schema: public; Owner: iac_xbs
--

ALTER TABLE ONLY public.auth_group_permissions
    ADD CONSTRAINT auth_group_permissions_group_id_permission_id_0cd325b0_uniq UNIQUE (group_id, permission_id);


--
-- Name: auth_group_permissions auth_group_permissions_pkey; Type: CONSTRAINT; Schema: public; Owner: iac_xbs
--

ALTER TABLE ONLY public.auth_group_permissions
    ADD CONSTRAINT auth_group_permissions_pkey PRIMARY KEY (id);


--
-- Name: auth_group auth_group_pkey; Type: CONSTRAINT; Schema: public; Owner: iac_xbs
--

ALTER TABLE ONLY public.auth_group
    ADD CONSTRAINT auth_group_pkey PRIMARY KEY (id);


--
-- Name: auth_permission auth_permission_content_type_id_codename_01ab375a_uniq; Type: CONSTRAINT; Schema: public; Owner: iac_xbs
--

ALTER TABLE ONLY public.auth_permission
    ADD CONSTRAINT auth_permission_content_type_id_codename_01ab375a_uniq UNIQUE (content_type_id, codename);


--
-- Name: auth_permission auth_permission_pkey; Type: CONSTRAINT; Schema: public; Owner: iac_xbs
--

ALTER TABLE ONLY public.auth_permission
    ADD CONSTRAINT auth_permission_pkey PRIMARY KEY (id);


--
-- Name: auth_user_groups auth_user_groups_pkey; Type: CONSTRAINT; Schema: public; Owner: iac_xbs
--

ALTER TABLE ONLY public.auth_user_groups
    ADD CONSTRAINT auth_user_groups_pkey PRIMARY KEY (id);


--
-- Name: auth_user_groups auth_user_groups_user_id_group_id_94350c0c_uniq; Type: CONSTRAINT; Schema: public; Owner: iac_xbs
--

ALTER TABLE ONLY public.auth_user_groups
    ADD CONSTRAINT auth_user_groups_user_id_group_id_94350c0c_uniq UNIQUE (user_id, group_id);


--
-- Name: auth_user auth_user_pkey; Type: CONSTRAINT; Schema: public; Owner: iac_xbs
--

ALTER TABLE ONLY public.auth_user
    ADD CONSTRAINT auth_user_pkey PRIMARY KEY (id);


--
-- Name: auth_user_user_permissions auth_user_user_permissions_pkey; Type: CONSTRAINT; Schema: public; Owner: iac_xbs
--

ALTER TABLE ONLY public.auth_user_user_permissions
    ADD CONSTRAINT auth_user_user_permissions_pkey PRIMARY KEY (id);


--
-- Name: auth_user_user_permissions auth_user_user_permissions_user_id_permission_id_14a6b632_uniq; Type: CONSTRAINT; Schema: public; Owner: iac_xbs
--

ALTER TABLE ONLY public.auth_user_user_permissions
    ADD CONSTRAINT auth_user_user_permissions_user_id_permission_id_14a6b632_uniq UNIQUE (user_id, permission_id);


--
-- Name: auth_user auth_user_username_key; Type: CONSTRAINT; Schema: public; Owner: iac_xbs
--

ALTER TABLE ONLY public.auth_user
    ADD CONSTRAINT auth_user_username_key UNIQUE (username);


--
-- Name: data_ingestion_object data_ingestion_object_pkey; Type: CONSTRAINT; Schema: public; Owner: iac_xbs
--

ALTER TABLE ONLY public.data_ingestion_object
    ADD CONSTRAINT data_ingestion_object_pkey PRIMARY KEY (object_id);


--
-- Name: data_ingestion_object data_ingestion_object_ra_dec_7d570f2d_uniq; Type: CONSTRAINT; Schema: public; Owner: iac_xbs
--

ALTER TABLE ONLY public.data_ingestion_object
    ADD CONSTRAINT data_ingestion_object_ra_dec_7d570f2d_uniq UNIQUE (ra, "dec");


--
-- Name: data_ingestion_spect data_ingestion_spect_object_id_instrument_jd_158f6daf_uniq; Type: CONSTRAINT; Schema: public; Owner: iac_xbs
--

ALTER TABLE ONLY public.data_ingestion_spect
    ADD CONSTRAINT data_ingestion_spect_object_id_instrument_jd_158f6daf_uniq UNIQUE (object_id, instrument, jd);


--
-- Name: data_ingestion_spect data_ingestion_spect_pkey; Type: CONSTRAINT; Schema: public; Owner: iac_xbs
--

ALTER TABLE ONLY public.data_ingestion_spect
    ADD CONSTRAINT data_ingestion_spect_pkey PRIMARY KEY (spect_id);


--
-- Name: django_admin_log django_admin_log_pkey; Type: CONSTRAINT; Schema: public; Owner: iac_xbs
--

ALTER TABLE ONLY public.django_admin_log
    ADD CONSTRAINT django_admin_log_pkey PRIMARY KEY (id);


--
-- Name: django_content_type django_content_type_app_label_model_76bd3d3b_uniq; Type: CONSTRAINT; Schema: public; Owner: iac_xbs
--

ALTER TABLE ONLY public.django_content_type
    ADD CONSTRAINT django_content_type_app_label_model_76bd3d3b_uniq UNIQUE (app_label, model);


--
-- Name: django_content_type django_content_type_pkey; Type: CONSTRAINT; Schema: public; Owner: iac_xbs
--

ALTER TABLE ONLY public.django_content_type
    ADD CONSTRAINT django_content_type_pkey PRIMARY KEY (id);


--
-- Name: django_migrations django_migrations_pkey; Type: CONSTRAINT; Schema: public; Owner: iac_xbs
--

ALTER TABLE ONLY public.django_migrations
    ADD CONSTRAINT django_migrations_pkey PRIMARY KEY (id);


--
-- Name: django_session django_session_pkey; Type: CONSTRAINT; Schema: public; Owner: iac_xbs
--

ALTER TABLE ONLY public.django_session
    ADD CONSTRAINT django_session_pkey PRIMARY KEY (session_key);


--
-- Name: auth_group_name_a6ea08ec_like; Type: INDEX; Schema: public; Owner: iac_xbs
--

CREATE INDEX auth_group_name_a6ea08ec_like ON public.auth_group USING btree (name varchar_pattern_ops);


--
-- Name: auth_group_permissions_group_id_b120cbf9; Type: INDEX; Schema: public; Owner: iac_xbs
--

CREATE INDEX auth_group_permissions_group_id_b120cbf9 ON public.auth_group_permissions USING btree (group_id);


--
-- Name: auth_group_permissions_permission_id_84c5c92e; Type: INDEX; Schema: public; Owner: iac_xbs
--

CREATE INDEX auth_group_permissions_permission_id_84c5c92e ON public.auth_group_permissions USING btree (permission_id);


--
-- Name: auth_permission_content_type_id_2f476e4b; Type: INDEX; Schema: public; Owner: iac_xbs
--

CREATE INDEX auth_permission_content_type_id_2f476e4b ON public.auth_permission USING btree (content_type_id);


--
-- Name: auth_user_groups_group_id_97559544; Type: INDEX; Schema: public; Owner: iac_xbs
--

CREATE INDEX auth_user_groups_group_id_97559544 ON public.auth_user_groups USING btree (group_id);


--
-- Name: auth_user_groups_user_id_6a12ed8b; Type: INDEX; Schema: public; Owner: iac_xbs
--

CREATE INDEX auth_user_groups_user_id_6a12ed8b ON public.auth_user_groups USING btree (user_id);


--
-- Name: auth_user_user_permissions_permission_id_1fbb5f2c; Type: INDEX; Schema: public; Owner: iac_xbs
--

CREATE INDEX auth_user_user_permissions_permission_id_1fbb5f2c ON public.auth_user_user_permissions USING btree (permission_id);


--
-- Name: auth_user_user_permissions_user_id_a95ead1b; Type: INDEX; Schema: public; Owner: iac_xbs
--

CREATE INDEX auth_user_user_permissions_user_id_a95ead1b ON public.auth_user_user_permissions USING btree (user_id);


--
-- Name: auth_user_username_6821ab7c_like; Type: INDEX; Schema: public; Owner: iac_xbs
--

CREATE INDEX auth_user_username_6821ab7c_like ON public.auth_user USING btree (username varchar_pattern_ops);


--
-- Name: data_ingestion_spect_object_id_04e96010; Type: INDEX; Schema: public; Owner: iac_xbs
--

CREATE INDEX data_ingestion_spect_object_id_04e96010 ON public.data_ingestion_spect USING btree (object_id);


--
-- Name: django_admin_log_content_type_id_c4bce8eb; Type: INDEX; Schema: public; Owner: iac_xbs
--

CREATE INDEX django_admin_log_content_type_id_c4bce8eb ON public.django_admin_log USING btree (content_type_id);


--
-- Name: django_admin_log_user_id_c564eba6; Type: INDEX; Schema: public; Owner: iac_xbs
--

CREATE INDEX django_admin_log_user_id_c564eba6 ON public.django_admin_log USING btree (user_id);


--
-- Name: django_session_expire_date_a5c62663; Type: INDEX; Schema: public; Owner: iac_xbs
--

CREATE INDEX django_session_expire_date_a5c62663 ON public.django_session USING btree (expire_date);


--
-- Name: django_session_session_key_c0390e0f_like; Type: INDEX; Schema: public; Owner: iac_xbs
--

CREATE INDEX django_session_session_key_c0390e0f_like ON public.django_session USING btree (session_key varchar_pattern_ops);


--
-- Name: auth_group_permissions auth_group_permissio_permission_id_84c5c92e_fk_auth_perm; Type: FK CONSTRAINT; Schema: public; Owner: iac_xbs
--

ALTER TABLE ONLY public.auth_group_permissions
    ADD CONSTRAINT auth_group_permissio_permission_id_84c5c92e_fk_auth_perm FOREIGN KEY (permission_id) REFERENCES public.auth_permission(id) DEFERRABLE INITIALLY DEFERRED;


--
-- Name: auth_group_permissions auth_group_permissions_group_id_b120cbf9_fk_auth_group_id; Type: FK CONSTRAINT; Schema: public; Owner: iac_xbs
--

ALTER TABLE ONLY public.auth_group_permissions
    ADD CONSTRAINT auth_group_permissions_group_id_b120cbf9_fk_auth_group_id FOREIGN KEY (group_id) REFERENCES public.auth_group(id) DEFERRABLE INITIALLY DEFERRED;


--
-- Name: auth_permission auth_permission_content_type_id_2f476e4b_fk_django_co; Type: FK CONSTRAINT; Schema: public; Owner: iac_xbs
--

ALTER TABLE ONLY public.auth_permission
    ADD CONSTRAINT auth_permission_content_type_id_2f476e4b_fk_django_co FOREIGN KEY (content_type_id) REFERENCES public.django_content_type(id) DEFERRABLE INITIALLY DEFERRED;


--
-- Name: auth_user_groups auth_user_groups_group_id_97559544_fk_auth_group_id; Type: FK CONSTRAINT; Schema: public; Owner: iac_xbs
--

ALTER TABLE ONLY public.auth_user_groups
    ADD CONSTRAINT auth_user_groups_group_id_97559544_fk_auth_group_id FOREIGN KEY (group_id) REFERENCES public.auth_group(id) DEFERRABLE INITIALLY DEFERRED;


--
-- Name: auth_user_groups auth_user_groups_user_id_6a12ed8b_fk_auth_user_id; Type: FK CONSTRAINT; Schema: public; Owner: iac_xbs
--

ALTER TABLE ONLY public.auth_user_groups
    ADD CONSTRAINT auth_user_groups_user_id_6a12ed8b_fk_auth_user_id FOREIGN KEY (user_id) REFERENCES public.auth_user(id) DEFERRABLE INITIALLY DEFERRED;


--
-- Name: auth_user_user_permissions auth_user_user_permi_permission_id_1fbb5f2c_fk_auth_perm; Type: FK CONSTRAINT; Schema: public; Owner: iac_xbs
--

ALTER TABLE ONLY public.auth_user_user_permissions
    ADD CONSTRAINT auth_user_user_permi_permission_id_1fbb5f2c_fk_auth_perm FOREIGN KEY (permission_id) REFERENCES public.auth_permission(id) DEFERRABLE INITIALLY DEFERRED;


--
-- Name: auth_user_user_permissions auth_user_user_permissions_user_id_a95ead1b_fk_auth_user_id; Type: FK CONSTRAINT; Schema: public; Owner: iac_xbs
--

ALTER TABLE ONLY public.auth_user_user_permissions
    ADD CONSTRAINT auth_user_user_permissions_user_id_a95ead1b_fk_auth_user_id FOREIGN KEY (user_id) REFERENCES public.auth_user(id) DEFERRABLE INITIALLY DEFERRED;


--
-- Name: data_ingestion_spect data_ingestion_spect_object_id_04e96010_fk_data_inge; Type: FK CONSTRAINT; Schema: public; Owner: iac_xbs
--

ALTER TABLE ONLY public.data_ingestion_spect
    ADD CONSTRAINT data_ingestion_spect_object_id_04e96010_fk_data_inge FOREIGN KEY (object_id) REFERENCES public.data_ingestion_object(object_id) DEFERRABLE INITIALLY DEFERRED;


--
-- Name: django_admin_log django_admin_log_content_type_id_c4bce8eb_fk_django_co; Type: FK CONSTRAINT; Schema: public; Owner: iac_xbs
--

ALTER TABLE ONLY public.django_admin_log
    ADD CONSTRAINT django_admin_log_content_type_id_c4bce8eb_fk_django_co FOREIGN KEY (content_type_id) REFERENCES public.django_content_type(id) DEFERRABLE INITIALLY DEFERRED;


--
-- Name: django_admin_log django_admin_log_user_id_c564eba6_fk_auth_user_id; Type: FK CONSTRAINT; Schema: public; Owner: iac_xbs
--

ALTER TABLE ONLY public.django_admin_log
    ADD CONSTRAINT django_admin_log_user_id_c564eba6_fk_auth_user_id FOREIGN KEY (user_id) REFERENCES public.auth_user(id) DEFERRABLE INITIALLY DEFERRED;


--
-- PostgreSQL database dump complete
--

